Age ,   Gender  ,Marital_Status,Type_of_Family,Family_Size,Education_Level,Occupation  ,Family_Annual_Income,"NO_of_earning_members 
(Including you)","With_whom_do_you_usually_spend_your_most_of_the_Leisuretime_with
(Leisure time - time when you are not working or occupied; free time)",What_are_the_reasons_for_the_same,TRAVEL,JOB _STUDY,HOUSEWORK,CALLING,Care_Of_Health,MEALS ,SOCIAL_MEDIA,SLEEP,ENTERTAINMENT,LEISURE_TIME,What_activities_you_go_through_in_a_regular_day,What_do_you_prefer_to_do_in_your_leisure_time,Your_Attitude_Toward_Life,Mental_Stability ,Time_management,Passion_for_Living,Difficult_Interactions,Healthy_Life,Fullfill_your_enjoyments,High_Salary,Daily_Struggle,Social_Neighbourhood,Weekend_satisfaction,Promptness,Motivational_Sessions_at_times,Transport _facilities,Environment_in_your_Locality/Area,Unorthodox_family,Sufficient_Resources,Fulfilment_of_desires,High_Expectations_towards_life ,Work_Study_Environment ,Label,Messages
21,Male,Single,Nuclear,2,Post Graduate,Student,0-3 lakh,1,Friends,"Refresh Mood, Reduce Anxiety, Quality Time (for some enjoyment)",3,5,1,1,1,1,3,6,0.5,4,"Use Mobile, Travel, Watching (T.V. /Reels/Movies), Exercise(Gym/Yoga /etc), Spiritual Activity, Studying, Reading Books, Job / Work, Power Nap, Review Goals, Creative Activities (Writing, Crafting, Photography, etc), Family Time","Social Media, Sleeping, Family Time, Learning new things, Hangout with friends, Reading Books, Games (Mobile or Computer games), Online Streaming (Movies, TV shows, YouTube videos and livestreamed content), Long Drive, Just Relaxing (Resting), Shopping, Music, Go for a walk, Pet Grooming",3,3,4,4,3,2,2,,5,5,3,3,,4,3,5,4,4,4,4,Yes,I think I really want to improve My daily routine that will help me to achieve my goals and balance my Lifestyle 
23,Female,Single,Joint,6,Post Graduate,Student,6-9 lakh,3,Partner,"Refresh Mood, Quality Time (for some enjoyment), For happines ",2,5,2,0.5,0.5,2,2,8,1,1,"Use Mobile, Travel, Watching (T.V. /Reels/Movies), Exercise(Gym/Yoga /etc), Spiritual Activity, Studying, Job / Work, Cooking, Grocery Shopping, Personal Hygiene, Idle Time, Household Chores (Tasks such as cleaning, washing to be done regularly at home), Animal Care, Power Nap, Going for Walk (Friends, Family, etc), Family Time","Social Media, Sleeping, Family Time, Hangout with friends, Games (Mobile or Computer games), Playing Outdoor games, Online Streaming (Movies, TV shows, YouTube videos and livestreamed content), Personality Development, Long Drive, Just Relaxing (Resting), Shopping, Chatting, Part time work, Music, Go for a walk, Pet Grooming, Chilling and relaxing ",4,4,3,3,1,5,4,,4,3,4,4,,4,3,1,4,4,5,4,Yes,I want to improve it for more health life style
25,Female,Single,Nuclear,5,Post Graduate,Private Sector,3-6 lakh,3,Alone,Privacy (just your alone time),1,9,1,0,1,2,3,8,0,1,"Use Mobile, Exercise(Gym/Yoga /etc), Job / Work, Idle Time, Power Nap",Sleeping,3,4,3,2,1,5,5,,1,5,5,3,,5,5,1,4,4,3,4,No,"No,Routines keeps on changing according to work priorities "
22,Male,Single,Nuclear,4,Graduate,Business,3-6 lakh,2,Family,"Refresh Mood, Reduce Anxiety, Quality Time (for some enjoyment)",0,6,1,1,2,1,1,5,1,4,"Use Mobile, Reading Newspaper, Watching (T.V. /Reels/Movies), Exercise(Gym/Yoga /etc), Spiritual Activity, Studying, Reading Books, Job / Work, Cooking, Grocery Shopping, Personal Hygiene, Idle Time, Household Chores (Tasks such as cleaning, washing to be done regularly at home), Animal Care, Power Nap, Review Goals, Shopping (Clothes, Electronics, etc), Going for Walk (Friends, Family, etc), Volunteer Work or Community Involvement, Creative Activities (Writing, Crafting, Photography, etc), Family Time, Gardening, Networking (Attending Social or Professional Events), Technolgy (Gadgets, Programming, etc)","Social Media, Sleeping, Family Time, Learning new things, Hangout with friends, Reading Books, Games (Mobile or Computer games), Playing Outdoor games, Personality Development, Creative Work (Crafting, Photography, etc), Long Drive, Just Relaxing (Resting), Shopping, Social Activities, Chatting, Music, Writing, Go for a walk, Swimming",5,5,3,5,1,5,5,,2,3,2,2,,2,5,4,3,2,1,5,Yes,I change my routine a lot coz of work 
23,Female,Single,Nuclear,3,Post Graduate,Private Sector,3-6 lakh,2,Family,Quality Time (for some enjoyment),4,8,3,1,0.5,2,2,7,0,2,"Use Mobile, Travel, Job / Work, Family Time","Sleeping, Family Time, Just Relaxing (Resting), Music, Go for a walk",4,4,4,4,2,4,4,,3,4,4,4,,4,4,4,4,4,4,4,Yes,Lately have stopped  using phone an hour ago before going to bed.
22,Female,Single,Nuclear,4,Graduate,Student,3-6 lakh,2,Alone,Privacy (just your alone time),1,8,2,1,1,1,1,7,1,1,"Use Mobile, Travel, Watching (T.V. /Reels/Movies), Exercise(Gym/Yoga /etc), Spiritual Activity, Studying, Reading Books, Job / Work, Cooking, Grocery Shopping, Household Chores (Tasks such as cleaning, washing to be done regularly at home), Going for Walk (Friends, Family, etc)","Sleeping, Family Time, Hangout with friends, Reading Books, Just Relaxing (Resting), Shopping, Music",4,5,4,4,4,3,4,,3,4,5,5,,5,4,4,4,4,4,4,Yes,I want to improve my daily routine to become more healthy and productive in my life.
22,Female,Single,Nuclear,4,Post Graduate,Student,3-6 lakh,1,Family,"Refresh Mood, Reduce Anxiety, Quality Time (for some enjoyment)",3,4,2,1,0,2,3,6,1,2,"Use Mobile, Travel, Watching (T.V. /Reels/Movies), Exercise(Gym/Yoga /etc), Studying, Power Nap","Family Time, Learning new things, Hangout with friends, Reading Books",4,4,3,3,3,4,4,,3,3,4,3,,4,4,3,4,3,4,3,Yes,Yes I want to improve my daily routine because I have to do something new activities but due to lack of time I can't do it 
22,Male,Single,Joint,10,Post Graduate,Student,0-3 lakh,5,Friends,"Refresh Mood, Self motivation",2,2,2,2,1,2,2,8,1,2,"Use Mobile, Travel, Watching (T.V. /Reels/Movies), Studying, Shopping (Clothes, Electronics, etc), Family Time","Social Media, Sleeping, Hangout with friends, Games (Mobile or Computer games), Playing Outdoor games, Just Relaxing (Resting), Chatting, Go for a walk",4,5,4,4,3,4,5,,5,4,4,4,,4,4,2,4,4,4,4,Yes,"Every day is not the same New Day New Challenge Even so, my routine is not perfect i want healthy life healthy mind and good wealth so i want improve my daily routine"
25,Male,Single,Nuclear,3,Post Graduate,Private Sector,6-9 lakh,3,Friends,"Refresh Mood, Reduce Anxiety",1,9,2,2,2,2,2,8,1,1,"Use Mobile, Watching (T.V. /Reels/Movies), Technolgy (Gadgets, Programming, etc)","Reading Books, Volunteering",4,2,3,2,2,3,4,,4,4,4,5,,4,4,4,3,2,5,5,No,"No,I m lazy guy "
21,Female,Single,Nuclear,4,Graduate,Private Sector,0-3 lakh,2,Friends,"Refresh Mood, Reduce Anxiety, Quality Time (for some enjoyment), Privacy (just your alone time)",1,7,1,1,0.5,1,1,7,2,2.5,"Use Mobile, Travel, Reading Newspaper, Watching (T.V. /Reels/Movies), Studying, Job / Work, Personal Hygiene, Idle Time, Household Chores (Tasks such as cleaning, washing to be done regularly at home), Going for Walk (Friends, Family, etc), Family Time, Technolgy (Gadgets, Programming, etc)","Social Media, Sleeping, Learning new things, Hangout with friends, Reading Books, Games (Mobile or Computer games), Online Streaming (Movies, TV shows, YouTube videos and livestreamed content), Just Relaxing (Resting)",4,4,3,5,3,3,3,,3,4,3,4,,2,2,3,3,3,4,2,Yes,Yes. Gives me statisfication 
22,Female,Single,Nuclear,3,Graduate,Private Sector,0-3 lakh,1,Alone,"Refresh Mood, Reduce Anxiety, Quality Time (for some enjoyment), Privacy (just your alone time)",2.5,9,1.5,0,0,1,1,7,0.5,1.5,"Use Mobile, Travel, Watching (T.V. /Reels/Movies), Studying, Job / Work, Cooking, Grocery Shopping, Household Chores (Tasks such as cleaning, washing to be done regularly at home)","Social Media, Sleeping, Family Time, Learning new things, Reading Books, Online Streaming (Movies, TV shows, YouTube videos and livestreamed content), Creative Work (Crafting, Photography, etc), Just Relaxing (Resting)",3,3,3,3,3,3,3,,3,3,3,3,,3,3,3,3,3,3,3,Yes,For my betterment 
24,Female,Single,Nuclear,3,Graduate,Private Sector,6-9 lakh,3,Friends,Quality Time (for some enjoyment),4,10,2,1,0,1,3,8,1,2,"Use Mobile, Travel, Job / Work, Cooking, Household Chores (Tasks such as cleaning, washing to be done regularly at home), Shopping (Clothes, Electronics, etc), Going for Walk (Friends, Family, etc), Gardening","Sleeping, Hangout with friends, Online Streaming (Movies, TV shows, YouTube videos and livestreamed content), Long Drive, Just Relaxing (Resting), Go for a walk",3,4,2,3,2,4,5,,3,2,4,3,,4,2,3,3,3,4,3,Yes,"Yes, ofcourse would love to make a change in life while balancing work and my life that would help me to change lots of things in my routine.  "
24,Female,Single,Nuclear,4,Post Graduate,Private Sector,0-3 lakh,3,Family,"Reduce Anxiety, Quality Time (for some enjoyment), Moral Support (encouragement that you give to somebody who is nervous or worried)",3,9,1,0.5,0,0.4,5,7,0.5,1,"Use Mobile, Travel, Reading Newspaper, Exercise(Gym/Yoga /etc), Studying, Job / Work, Cooking, Household Chores (Tasks such as cleaning, washing to be done regularly at home), Family Time","Social Media, Learning new things, Online Streaming (Movies, TV shows, YouTube videos and livestreamed content), Just Relaxing (Resting)",4,3,5,4,3,3,3,,3,3,3,3,,4,5,4,4,4,5,5,Yes,As i am  working so for studying i have to improve my routine 
22,Male,Single,Nuclear,4,Post Graduate,Student,3-6 lakh,2,Alone,"Refresh Mood, Privacy (just your alone time)",2,4,1.5,0.5,0.5,1.5,2,10,0.5,2,"Use Mobile, Exercise(Gym/Yoga /etc), Studying, Idle Time, Household Chores (Tasks such as cleaning, washing to be done regularly at home), Power Nap, Volunteer Work or Community Involvement","Social Media, Sleeping, Online Streaming (Movies, TV shows, YouTube videos and livestreamed content), Just Relaxing (Resting)",3,3,3,3,2,3,3,,4,2,2,3,,3,4,3,3,3,4,3,Yes,To improve my standard of living
26,Female,Single,Nuclear,4,Post Graduate,Self-Employed,3-6 lakh,2,Family,"Refresh Mood, Reduce Anxiety, Quality Time (for some enjoyment)",3,6,1,1,1,1,1,7,1,1,"Exercise(Gym/Yoga /etc), Job / Work, Personal Hygiene, Family Time","Family Time, Hangout with friends, Music",4,4,4,4,1,4,3,,3,3,3,3,,3,3,3,3,3,3,3,Yes,For smooth flow of routine.
22,Female,Single,Nuclear,4,Graduate,Student,0-3 lakh,1,Family,"Quality Time (for some enjoyment), Moral Support (encouragement that you give to somebody who is nervous or worried)",2,2,1,1,1,2,1,9,3,2,"Use Mobile, Travel, Watching (T.V. /Reels/Movies), Exercise(Gym/Yoga /etc), Studying, Reading Books, Power Nap, Going for Walk (Friends, Family, etc), Family Time, Networking (Attending Social or Professional Events)","Social Media, Sleeping, Family Time, Reading Books, Games (Mobile or Computer games), Online Streaming (Movies, TV shows, YouTube videos and livestreamed content), Just Relaxing (Resting), Chatting, Music, Go for a walk",5,4,3,4,2,5,5,,3,5,4,4,,5,4,4,5,5,3,4,No,"No,I am satisfied with my current routine."
24,Female,Single,Nuclear,5,HSC,Student,3-6 lakh,4,Family,Privacy (just your alone time),2,4,6,1,5,0.5,3,8,1,0.5,Reading Books,Family Time,2,4,2,3,1,1,5,,5,3,2,2,,1,2,1,2,1,1,1,Yes,It will make me a better version of myself.
23,Male,Married,Nuclear,5,Post Graduate,Student,above 15 lakh,2,Family,"Refresh Mood, Reduce Anxiety, Quality Time (for some enjoyment), Moral Support (encouragement that you give to somebody who is nervous or worried), Self motivation",3,6,2,0,2,1,3,6,1,1,"Use Mobile, Travel, Watching (T.V. /Reels/Movies), Exercise(Gym/Yoga /etc), Spiritual Activity, Reading Books, Cooking, Grocery Shopping, Personal Hygiene, Household Chores (Tasks such as cleaning, washing to be done regularly at home), Going for Walk (Friends, Family, etc), Creative Activities (Writing, Crafting, Photography, etc), Family Time, Technolgy (Gadgets, Programming, etc)","Social Media, Family Time, Learning new things, Hangout with friends, Reading Books, Creative Work (Crafting, Photography, etc), Social Activities, Go for a walk",1,5,5,5,2,3,5,,5,5,5,5,,3,3,2,3,3,3,5,No,I am enjoying my current life don't want to improve it
24,Female,Single,Nuclear,4,HSC,Student,0-3 lakh,2,Family,Refresh Mood,2,2,2,2,0,2,8,10,2,3,"Use Mobile, Watching (T.V. /Reels/Movies), Cooking, Personal Hygiene, Household Chores (Tasks such as cleaning, washing to be done regularly at home), Going for Walk (Friends, Family, etc), Family Time, Technolgy (Gadgets, Programming, etc)","Social Media, Learning new things, Hangout with friends, Games (Mobile or Computer games), Online Streaming (Movies, TV shows, YouTube videos and livestreamed content), Personality Development, Chatting, Music, Pet Grooming",1,3,3,3,3,2,2,,5,2,5,5,,5,5,3,3,3,2,2,Yes,Do you want to get more exercise or more alone time? Prioritizing what is important to you before starting is key!
40,Female,Married,Nuclear,4,Graduate,Private Sector,0-3 lakh,1,Alone,Privacy (just your alone time),0.5,6,6,1,1,1,3,7,1,3,"Use Mobile, Watching (T.V. /Reels/Movies), Job / Work, Cooking, Family Time","Social Media, Sleeping, Hangout with friends, Reading Books, Online Streaming (Movies, TV shows, YouTube videos and livestreamed content), Just Relaxing (Resting), Music",3,2,3,3,3,3,3,,3,3,2,3,,5,3,5,3,3,3,3,Yes,"Yes, want to improve daily routine for self improvement. "
22,Male,Single,Nuclear,4,Graduate,Student,12-15 lakh,3,Friends,"Refresh Mood, Reduce Anxiety, Quality Time (for some enjoyment), Privacy (just your alone time), Moral Support (encouragement that you give to somebody who is nervous or worried), Self motivation",5,9,1,2,1,1,1,5,1,1,"Use Mobile, Travel, Watching (T.V. /Reels/Movies), Exercise(Gym/Yoga /etc), Spiritual Activity, Studying, Reading Books, Job / Work, Cooking, Personal Hygiene, Household Chores (Tasks such as cleaning, washing to be done regularly at home), Power Nap, Going for Walk (Friends, Family, etc), Family Time","Social Media, Sleeping, Family Time, Learning new things, Hangout with friends, Games (Mobile or Computer games), Long Drive, Just Relaxing (Resting), Social Activities, Go for a walk, Swimming",5,5,5,5,1,3,5,,5,5,5,5,,5,5,5,5,5,5,5,Yes,I am satisfied 
25,Female,Single,Nuclear,4,"Professional course (Diploma, ITI, etc.)",Private Sector,9-12 lakh,2,Family,"Refresh Mood, Reduce Anxiety, Quality Time (for some enjoyment), Privacy (just your alone time), Moral Support (encouragement that you give to somebody who is nervous or worried)",2,9,2,2,0.5,0.5,1,5,1,3,"Use Mobile, Travel, Exercise(Gym/Yoga /etc), Spiritual Activity, Reading Books, Job / Work, Cooking, Idle Time, Household Chores (Tasks such as cleaning, washing to be done regularly at home), Power Nap, Shopping (Clothes, Electronics, etc), Going for Walk (Friends, Family, etc), Family Time","Social Media, Sleeping, Family Time, Hangout with friends, Reading Books, Long Drive, Just Relaxing (Resting), Shopping, Social Activities, Chatting, Music, Writing, Pet Grooming",3,3,3,3,4,3,4,,4,5,5,5,,4,3,4,4,4,3,3,No,I really enjoyed my life that's why I don't think about to improve my daily routine. I am satisfied with my life 
37,Female,Married,Joint,7,Graduate,Self-Employed,0-3 lakh,2,Family,Refresh Mood,2,5,6,3,1,0.3,1,4,2,2,Family Time,Personality Development,4,2,2,2,3,2,5,,5,5,4,4,,3,4,1,5,4,5,4,Yes,I want to improve those who r fitting between property and doesn't want to live with family. 
41,Female,Married,Nuclear,5,Graduate,Teacher ,0-3 lakh,2,Family,Refresh Mood,0.5,6,6,0.5,0.5,0.5,1,7,1,1,"Use Mobile, Reading Newspaper, Reading Books, Job / Work, Cooking, Grocery Shopping, Household Chores (Tasks such as cleaning, washing to be done regularly at home), Family Time","Sleeping, Family Time, Reading Books, Creative Work (Crafting, Photography, etc), Just Relaxing (Resting), Chatting, Music",4,4,4,3,1,2,3,,3,2,5,5,,5,5,4,5,4,4,5,Yes,Because I'm satisfied with my daily routine 
39,Female,Married,Nuclear,2,Post Graduate,Private Sector,0-3 lakh,2,Family,Moral Support (encouragement that you give to somebody who is nervous or worried),3,8,5,1,1,1,0.5,5,0.5,1,"Reading Books, Creative Activities (Writing, Crafting, Photography, etc)","Learning new things, Just Relaxing (Resting)",4,5,4,3,3,2,4,,4,5,4,4,,4,4,4,4,3,4,4,No,"No,Life style will be settel i don't want change my scheduled "
50,Female,Married,Nuclear,4,Graduate,Housewife/House Husband,9-12 lakh,1,Friends,Refresh Mood,0.5,6,3,0.5,1,1,3,6,1,2,"Use Mobile, Travel, Exercise(Gym/Yoga /etc), Spiritual Activity, Job / Work, Cooking, Grocery Shopping, Personal Hygiene, Household Chores (Tasks such as cleaning, washing to be done regularly at home), Power Nap, Review Goals, Family Time","Social Media, Sleeping, Family Time, Learning new things, Hangout with friends, Just Relaxing (Resting), Chatting, Part time work",4,4,4,4,4,4,3,,4,4,4,4,,4,4,4,4,4,4,4,Yes,"Yes,  would love to spend more time on productive things by managing time more appropriately"
24,Female,Single,Nuclear,2,Post Graduate,Student,9-12 lakh,1,Alone,"Refresh Mood, Quality Time (for some enjoyment), Privacy (just your alone time)",1,4,2,1,2,1,1,8,2,2,"Use Mobile, Reading Newspaper, Watching (T.V. /Reels/Movies), Spiritual Activity, Studying, Reading Books, Cooking, Grocery Shopping, Personal Hygiene, Idle Time, Household Chores (Tasks such as cleaning, washing to be done regularly at home), Shopping (Clothes, Electronics, etc), Creative Activities (Writing, Crafting, Photography, etc), Family Time","Social Media, Learning new things, Reading Books, Online Streaming (Movies, TV shows, YouTube videos and livestreamed content), Creative Work (Crafting, Photography, etc), Just Relaxing (Resting), Chatting, Music, Go for a walk",3,4,3,3,4,4,4,,2,3,5,3,,4,5,5,5,4,3,5,Yes,Yet many more things to learn. 
39,Female,Married,Joint,4,D.Ed,Private Sector,0-3 lakh,2,Family,Quality Time (for some enjoyment),1,5,12,1,1,1,1,8,1,1,Family Time,Learning new things,1,2,2,2,2,2,1,,3,1,2,1,,1,1,2,2,1,2,1,No,For relaxation 
49,Female,Married,Joint,6,Graduate,Business,9-12 lakh,4,Partner,Self motivation,2,6,4,2,0,2,2,4,1,1,"Use Mobile, Travel, Watching (T.V. /Reels/Movies), Job / Work, Cooking, Personal Hygiene, Power Nap","Social Media, Family Time, Online Streaming (Movies, TV shows, YouTube videos and livestreamed content), Just Relaxing (Resting), Chatting",5,5,5,5,1,5,5,,2,3,5,3,,5,5,5,5,5,5,5,No,I am satisfied with current life
47,Female,Married,Nuclear,3,Graduate,Housewife/House Husband,0-3 lakh,1,Family,Quality Time (for some enjoyment),0.5,1,1,0.5,0.2,1,3,8,1,2,"Use Mobile, Exercise(Gym/Yoga /etc), Cooking, Household Chores (Tasks such as cleaning, washing to be done regularly at home), Power Nap","Social Media, Family Time, Long Drive, Shopping, Music",3,3,4,4,5,4,3,,3,1,4,4,,3,5,5,5,3,4,4,Yes,Want improve productivity time in life
47,Female,Married,Nuclear,4,Graduate,Private Sector,0-3 lakh,4,Family,Quality Time (for some enjoyment),1,5,5,1,1,2,2,9,2,2,Use Mobile,Family Time,3,3,3,3,3,2,2,,4,2,2,3,,2,2,2,3,2,2,2,No,I am satisfied with it
32,Female,Married,Joint,14,Graduate,Private Sector,0-3 lakh,4,Partner,Refresh Mood,1,7,2,1,1,0.5,0.5,5,3,1,"Watching (T.V. /Reels/Movies), Reading Books, Job / Work, Family Time","Family Time, Learning new things, Hangout with friends, Online Streaming (Movies, TV shows, YouTube videos and livestreamed content)",5,5,5,5,4,5,3,,4,4,4,5,,4,4,4,4,5,5,5,Yes,To try something new 
35,Female,Married,Joint,5,Post Graduate,Teacher ,3-6 lakh,2,Family,"Refresh Mood, Reduce Anxiety, Quality Time (for some enjoyment), Moral Support (encouragement that you give to somebody who is nervous or worried), Self motivation",2,7,4,0.5,1,0.5,1,5,1,1,"Use Mobile, Travel, Watching (T.V. /Reels/Movies), Exercise(Gym/Yoga /etc), Spiritual Activity, Job / Work, Cooking, Grocery Shopping, Personal Hygiene, Household Chores (Tasks such as cleaning, washing to be done regularly at home), Power Nap, Review Goals, Going for Walk (Friends, Family, etc), Creative Activities (Writing, Crafting, Photography, etc), Family Time","Family Time, Personality Development, Shopping, Social Activities, Music",5,5,4,5,4,3,4,,5,4,3,5,,4,3,5,5,4,5,5,Yes,"I want to improve my daily routine because,I want to achieve my goals and ambitions."
32,Male,Married,Joint,4,Graduate,Sport's teacher ,3-6 lakh,2,Partner,Quality Time (for some enjoyment),2,8,1,1,1,2,4,6,1,1,"Use Mobile, Travel, Job / Work, Family Time","Social Media, Family Time, Chatting, Music",5,4,5,5,1,4,5,,5,5,5,5,,2,5,5,5,5,5,5,Yes,Happy mood
16,Female,Single,Nuclear,4,SSC,Student,0-3 lakh,1,Family,"Refresh Mood, Reduce Anxiety, Self motivation",1,10,0,0.5,0,2,1,7,1,1,"Use Mobile, Travel, Studying, Personal Hygiene, Power Nap, Review Goals, Creative Activities (Writing, Crafting, Photography, etc), Family Time","Family Time, Learning new things, Reading Books, Personality Development, Creative Work (Crafting, Photography, etc), Writing, Self talk which boost self motivation ",4,4,4,5,1,4,4,,5,2,4,4,,5,3,4,5,5,5,4,Yes,Daily routine analysis will make you realise where you are lacking behind with achieving goals and time management so as to work more efficiently and productively it is necessary to improve or make appropriate changes in your daily routine 
42,Male,Married,Nuclear,3,Post Graduate,Private Sector,9-12 lakh,2,Family,"Refresh Mood, Reduce Anxiety, Quality Time (for some enjoyment), Moral Support (encouragement that you give to somebody who is nervous or worried)",3,1,0,1,0,1,2,7,0.5,0,"Use Mobile, Travel, Spiritual Activity, Studying, Job / Work, Review Goals","Sleeping, Family Time, Just Relaxing (Resting), Chatting, Volunteering",2,3,1,4,3,3,2,,2,2,1,3,,1,3,3,4,4,3,3,No,"no, I m satisfied"
23,Male,Single,Nuclear,3,Post Graduate,Student,0-3 lakh,1,Family,"Refresh Mood, Quality Time (for some enjoyment)",3,8,1,2,1,1,1,5,1,1,"Use Mobile, Travel, Watching (T.V. /Reels/Movies), Exercise(Gym/Yoga /etc), Studying, Reading Books, Power Nap, Family Time, Technolgy (Gadgets, Programming, etc)","Social Media, Sleeping, Family Time, Learning new things, Hangout with friends, Just Relaxing (Resting), Chatting, Music",4,3,3,4,3,3,3,,4,3,4,4,,4,4,3,4,3,5,4,Yes,I want to improve it for more health life style
38,Female,Married,Joint,6,Graduate,Private Sector,0-3 lakh,2,Family,"Refresh Mood, Reduce Anxiety, Quality Time (for some enjoyment), Moral Support (encouragement that you give to somebody who is nervous or worried), Self motivation",2,8,2,1,2,5,2,5,2,2,"Reading Newspaper, Watching (T.V. /Reels/Movies), Studying, Reading Books, Cooking, Power Nap, Going for Walk (Friends, Family, etc), Family Time","Reading Books, Just Relaxing (Resting), Music, Writing, Go for a walk",5,5,5,5,5,5,5,,5,5,5,5,,5,5,5,5,5,5,5,Yes,Because I want my life more easy and comfortable 
43,Female,Married,Nuclear,3,"Professional course (Diploma, ITI, etc.)",Housewife/House Husband,6-9 lakh,1,Friends,Quality Time (for some enjoyment),2,1,3,1,1,2,2,8,1,1,"Use Mobile, Travel, Watching (T.V. /Reels/Movies), Exercise(Gym/Yoga /etc), Cooking, Grocery Shopping, Household Chores (Tasks such as cleaning, washing to be done regularly at home), Power Nap, Shopping (Clothes, Electronics, etc), Family Time","Social Media, Sleeping, Family Time, Hangout with friends, Online Streaming (Movies, TV shows, YouTube videos and livestreamed content), Just Relaxing (Resting), Shopping, Social Activities, Chatting, Music, Go for a walk",4,4,3,4,3,3,4,,4,4,4,3,,4,4,3,4,4,4,4,No,"no,satisfied"
21,Female,Single,Nuclear,4,Post Graduate,Student,3-6 lakh,1,Family,"Refresh Mood, Reduce Anxiety, Quality Time (for some enjoyment), Privacy (just your alone time)",2,6,1,1,1,1,2,5,1,1,"Use Mobile, Travel, Watching (T.V. /Reels/Movies), Exercise(Gym/Yoga /etc), Spiritual Activity, Studying, Personal Hygiene, Power Nap, Review Goals, Family Time, Technolgy (Gadgets, Programming, etc)","Sleeping, Family Time, Learning new things, Hangout with friends, Just Relaxing (Resting)",3,2,1,3,3,2,2,,4,3,2,4,,3,4,3,5,4,5,4,No,satisfied with current life
39,Female,Married,Joint,4,MBA ,Private Sector,3-6 lakh,2,Family,Refresh Mood,2,6,1,2,1,1,1,6,1,1,"Use Mobile, Travel, Reading Newspaper, Studying, Job / Work, Cooking, Grocery Shopping, Personal Hygiene, Household Chores (Tasks such as cleaning, washing to be done regularly at home), Going for Walk (Friends, Family, etc), Family Time, Gardening","Social Media, Sleeping, Family Time, Reading Books, Personality Development, Shopping, Part time work, Writing, Go for a walk",1,1,1,1,1,1,1,,1,1,1,1,,1,1,1,1,1,1,1,Yes,For life improve 
21,Female,Single,Nuclear,4,Graduate,Student,3-6 lakh,1,Family,"Quality Time (for some enjoyment), Self motivation",4,8,1,1,2,3,1,8,1,1,"Use Mobile, Travel, Watching (T.V. /Reels/Movies), Exercise(Gym/Yoga /etc), Studying, Personal Hygiene, Idle Time, Family Time","Social Media, Sleeping, Family Time",4,5,4,5,4,4,4,,4,4,4,4,,4,4,4,4,4,4,4,No,Don't want to leave my comfort zone
55,Female,Married,Nuclear,4,Post Graduate,Private Sector,0-3 lakh,2,Friends,Moral Support (encouragement that you give to somebody who is nervous or worried),2,6,4,1,1,1,1,6,1,2,"Use Mobile, Exercise(Gym/Yoga /etc), Job / Work, Cooking, Grocery Shopping, Personal Hygiene, Household Chores (Tasks such as cleaning, washing to be done regularly at home), Power Nap, Shopping (Clothes, Electronics, etc), Going for Walk (Friends, Family, etc), Creative Activities (Writing, Crafting, Photography, etc), Music","Social Media, Sleeping, Family Time, Hangout with friends, Games (Mobile or Computer games), Online Streaming (Movies, TV shows, YouTube videos and livestreamed content), Just Relaxing (Resting), Shopping, Chatting, Music",4,3,3,4,3,4,4,,5,4,4,4,,4,4,4,4,4,5,4,No,Don't want to leave my comfort zone
38,Female,Married,Nuclear,4,Post Graduate,Private Sector,0-3 lakh,2,Family,Quality Time (for some enjoyment),1,7,4,0.5,1,2,1,6,1,2,"Use Mobile, Watching (T.V. /Reels/Movies), Spiritual Activity, Cooking, Household Chores (Tasks such as cleaning, washing to be done regularly at home), Family Time","Social Media, Family Time, Shopping",4,2,3,2,3,3,3,,2,2,2,2,,3,3,3,3,2,3,2,Yes,I want to make the time management properly for my family
21,Female,Single,Nuclear,6,Graduate,Student,6-9 lakh,3,Family,"Refresh Mood, Quality Time (for some enjoyment), Self motivation",0.5,8,2,1,0,2.5,0.5,8,1,0.5,"Use Mobile, Watching (T.V. /Reels/Movies), Studying, Idle Time, Household Chores (Tasks such as cleaning, washing to be done regularly at home), Family Time","Social Media, Sleeping, Family Time, Online Streaming (Movies, TV shows, YouTube videos and livestreamed content), Just Relaxing (Resting), Chatting, Music",3,2,2,1,2,2,3,,4,3,3,4,,1,2,3,5,4,4,4,Yes,Because I'm not happy with my daily current routine
40,Female,Married,Nuclear,4,"Professional course (Diploma, ITI, etc.)",Private Sector,0-3 lakh,2,Family,Refresh Mood,0.5,6,3,1,0,1,1,6,0.5,0.5,"Use Mobile, Job / Work, Cooking, Personal Hygiene","Social Media, Sleeping, Family Time, Shopping",5,5,5,5,5,5,5,,5,1,3,3,,3,5,5,5,5,5,5,Yes,Need free time for personal care exercise and yoga
21,Female,Single,Nuclear,7,Graduate,Student,0-3 lakh,1,Family,"Refresh Mood, Reduce Anxiety, Quality Time (for some enjoyment), Moral Support (encouragement that you give to somebody who is nervous or worried)",4,4,2,1,1,1,1,8,1,1,"Use Mobile, Travel, Reading Newspaper, Watching (T.V. /Reels/Movies), Exercise(Gym/Yoga /etc), Spiritual Activity, Studying, Reading Books, Cooking, Personal Hygiene, Household Chores (Tasks such as cleaning, washing to be done regularly at home), Power Nap, Going for Walk (Friends, Family, etc), Family Time","Sleeping, Family Time, Hangout with friends, Online Streaming (Movies, TV shows, YouTube videos and livestreamed content), Just Relaxing (Resting)",3,4,5,3,4,4,2,,5,3,4,5,,5,3,3,4,4,3,4,Yes,Because I don't have alone time for me
20,Female,Single,Nuclear,4,Graduate,Student,3-6 lakh,4,Family,"Refresh Mood, Reduce Anxiety, Quality Time (for some enjoyment), Moral Support (encouragement that you give to somebody who is nervous or worried)",4,1,2,0,0,2,3,8,2,2,"Use Mobile, Travel, Watching (T.V. /Reels/Movies), Studying, Reading Books, Household Chores (Tasks such as cleaning, washing to be done regularly at home), Review Goals, Family Time","Social Media, Sleeping, Family Time, Hangout with friends, Reading Books, Games (Mobile or Computer games), Online Streaming (Movies, TV shows, YouTube videos and livestreamed content), Just Relaxing (Resting), Chatting, Music",4,2,3,3,2,1,3,,5,3,3,1,,5,5,2,5,3,5,4,Yes,"Yes, i want to improve my daily routine to achieve my goals and want to be successful in life i am improving my daily routine by tráº¡cking my daily activities by collecting the data thorough google form "
22,Male,Single,Nuclear,4,Graduate,Student,0-3 lakh,1,Family,"Refresh Mood, Quality Time (for some enjoyment), Moral Support (encouragement that you give to somebody who is nervous or worried)",0,8,2,0.15,1.3,1,0.3,8,1,2,"Exercise(Gym/Yoga /etc), Studying, Reading Books, Cooking, Household Chores (Tasks such as cleaning, washing to be done regularly at home), Power Nap, Going for Walk (Friends, Family, etc)","Family Time, Learning new things, Music, Go for a walk",3,4,2,3,1,3,3,,2,2,1,4,,1,3,2,3,3,5,4,Yes,"Yes I want to improve my daily routine because it will induce myself being  active , disciplined and taking things seriously."
23,Female,Single,Nuclear,6,Graduate,Student,3-6 lakh,2,Family,Quality Time (for some enjoyment),1,6,2,2,1,1,0,6,2,3,"Use Mobile, Reading Newspaper, Watching (T.V. /Reels/Movies), Exercise(Gym/Yoga /etc), Spiritual Activity, Studying, Reading Books, Job / Work, Cooking, Grocery Shopping, Personal Hygiene, Household Chores (Tasks such as cleaning, washing to be done regularly at home), Review Goals, Shopping (Clothes, Electronics, etc), Going for Walk (Friends, Family, etc), Family Time","Family Time, Learning new things, Hangout with friends, Reading Books, Playing Outdoor games, Personality Development, Music, Writing, Go for a walk",5,5,5,5,4,5,5,,5,5,5,5,,5,3,5,5,5,1,5,Yes,Because of my lazy nature and I am happy at present life is going smooth 
20,Female,Single,Nuclear,3,Graduate,Student,3-6 lakh,2,Family,Quality Time (for some enjoyment),2,6,1,1,1,1,2,6,2,2,"Watching (T.V. /Reels/Movies), Studying","Sleeping, Music",4,4,3,4,2,3,4,,3,4,4,4,,5,4,1,5,5,4,4,Yes,I want to improve my daily routine for a better progress 
22,Female,Single,Nuclear,4,Post Graduate,Private Sector,9-12 lakh,3,Friends,"Refresh Mood, Quality Time (for some enjoyment), Moral Support (encouragement that you give to somebody who is nervous or worried)",0.5,10,1,0,1,2,3,6,1,1,"Use Mobile, Watching (T.V. /Reels/Movies), Studying, Job / Work, Cooking, Idle Time, Power Nap, Going for Walk (Friends, Family, etc), Technolgy (Gadgets, Programming, etc)","Social Media, Sleeping, Hangout with friends, Online Streaming (Movies, TV shows, YouTube videos and livestreamed content), Long Drive, Chatting, Go for a walk, Swimming",4,4,3,3,3,2,3,,3,4,4,2,,4,4,3,4,2,3,4,No,my life is good enough that's why I don't thike to improve it
24,Female,Single,Nuclear,3,Graduate,Private Sector,3-6 lakh,2,Friends,"Refresh Mood, Reduce Anxiety, Quality Time (for some enjoyment)",1,10,0,1,0,3,2,6,1,1.5,"Use Mobile, Travel, Watching (T.V. /Reels/Movies), Exercise(Gym/Yoga /etc), Job / Work, Personal Hygiene, Shopping (Clothes, Electronics, etc), Going for Walk (Friends, Family, etc), Family Time, Networking (Attending Social or Professional Events)","Social Media, Sleeping, Family Time, Learning new things, Hangout with friends, Online Streaming (Movies, TV shows, YouTube videos and livestreamed content), Personality Development, Long Drive, Just Relaxing (Resting), Shopping, Social Activities, Chatting, Music, Go for a walk, Pet Grooming",5,4,4,5,4,5,5,,3,3,5,5,,5,5,4,5,5,5,5,Yes,To buildup yourself with a strong and different mindset everyday so that you can stand out from others and have a unique personality 
21,Male,Single,Nuclear,4,Graduate,Student,0-3 lakh,1,Friends,"Refresh Mood, Quality Time (for some enjoyment)",4,1,3,0.5,0.5,2,2,5,1,2,"Use Mobile, Travel, Watching (T.V. /Reels/Movies), Studying, Idle Time, Household Chores (Tasks such as cleaning, washing to be done regularly at home), Power Nap, Going for Walk (Friends, Family, etc)","Sleeping, Hangout with friends, Games (Mobile or Computer games), Playing Outdoor games, Online Streaming (Movies, TV shows, YouTube videos and livestreamed content), Long Drive, Just Relaxing (Resting), Chatting",4,3,4,4,4,3,3,,5,2,2,4,,2,2,4,4,3,4,4,Yes,I want to make more time to study as well as other activities like hangout with friends 
24,Male,Single,Nuclear,4,Graduate,Private Sector,6-9 lakh,1,Friends,"Refresh Mood, Reduce Anxiety, Quality Time (for some enjoyment), Privacy (just your alone time)",4,8,1,1,2,1,3,7,1,1,"Use Mobile, Travel, Reading Newspaper, Watching (T.V. /Reels/Movies), Exercise(Gym/Yoga /etc), Spiritual Activity, Studying, Job / Work, Cooking, Personal Hygiene, Household Chores (Tasks such as cleaning, washing to be done regularly at home), Animal Care, Review Goals","Social Media, Family Time, Reading Books, Games (Mobile or Computer games), Online Streaming (Movies, TV shows, YouTube videos and livestreamed content), Personality Development, Social Activities, Part time work, Swimming",2,3,3,3,2,3,3,,4,3,3,3,,3,3,2,3,4,2,3,No,Don't want to leave my comfort zone
22,Male,Single,Nuclear,5,Post Graduate,Student,3-6 lakh,2,Family,"Refresh Mood, Reduce Anxiety, Moral Support (encouragement that you give to somebody who is nervous or worried)",5,4,1,0.5,2,1,1,8,2,1,"Use Mobile, Travel, Watching (T.V. /Reels/Movies), Exercise(Gym/Yoga /etc), Studying, Power Nap, Family Time","Social Media, Learning new things, Hangout with friends, Playing Outdoor games, Music, Writing",4,3,5,5,2,5,5,,5,5,5,2,,3,3,2,2,2,4,1,No,I am happy with my current lilfe
21,Female,Single,Nuclear,5,Post Graduate,Student,3-6 lakh,1,Alone,Privacy (just your alone time),7,3,0,0,0,3,3,8,0,0,"Use Mobile, Travel, Watching (T.V. /Reels/Movies), Studying, Household Chores (Tasks such as cleaning, washing to be done regularly at home), Animal Care, Power Nap, Going for Walk (Friends, Family, etc), Family Time, Technolgy (Gadgets, Programming, etc)","Social Media, Sleeping, Family Time, Games (Mobile or Computer games), Online Streaming (Movies, TV shows, YouTube videos and livestreamed content), Chatting, Music",4,4,4,4,4,4,4,,4,4,4,4,,4,4,4,4,4,4,4,No,I don't want to imporve my daily routines
33,Male,Married,Nuclear,4,"Professional course (Diploma, ITI, etc.)",Teacher,3-6 lakh,2,Family,"Refresh Mood, Reduce Anxiety, Quality Time (for some enjoyment), Privacy (just your alone time), Moral Support (encouragement that you give to somebody who is nervous or worried), Self motivation",2,8,1,0.5,1,1,1,7.5,2,4,"Use Mobile, Travel, Reading Newspaper, Watching (T.V. /Reels/Movies), Exercise(Gym/Yoga /etc), Spiritual Activity, Studying, Job / Work, Personal Hygiene, Creative Activities (Writing, Crafting, Photography, etc), Family Time","Social Media, Family Time, Learning new things, Online Streaming (Movies, TV shows, YouTube videos and livestreamed content), Personality Development, Creative Work (Crafting, Photography, etc)",5,4,4,4,4,4,4,,5,4,4,4,,3,4,3,4,3,3,4,No,much satisfied with current lifestyle
21,Male,Single,Nuclear,4,Graduate,Business,9-12 lakh,2,Friends,Refresh Mood,4,3,2,4,2,15,2,8,2,4,"Use Mobile, Watching (T.V. /Reels/Movies), Exercise(Gym/Yoga /etc), Studying, Reading Books, Animal Care, Power Nap, Going for Walk (Friends, Family, etc)","Sleeping, Hangout with friends, Games (Mobile or Computer games), Playing Outdoor games, Online Streaming (Movies, TV shows, YouTube videos and livestreamed content), Just Relaxing (Resting), Chatting, Go for a walk, Swimming, Pet Grooming",3,4,3,4,5,5,5,,3,4,3,3,,3,3,3,3,3,3,3,Yes,I thing I can do more thing in my life towards achieving my goal but at the end i got lazy 
22,Female,Single,Joint,12,Post Graduate,Student,0-3 lakh,2,Family,"Refresh Mood, Reduce Anxiety, Quality Time (for some enjoyment), Self motivation",3,3,2,1,0,1,1,5,1,4,"Use Mobile, Travel, Studying, Cooking, Household Chores (Tasks such as cleaning, washing to be done regularly at home), Shopping (Clothes, Electronics, etc), Family Time","Social Media, Sleeping, Family Time, Shopping, Music",3,3,4,3,3,3,3,,2,3,2,3,,3,4,3,3,3,3,2,Yes,Happy with this routine
22,Male,Single,Joint,6,"Professional course (Diploma, ITI, etc.)",Private Sector,0-3 lakh,2,Friends,"Refresh Mood, Reduce Anxiety, Quality Time (for some enjoyment)",5,8,2,1,1,1,1,8,2,8,"Use Mobile, Travel, Watching (T.V. /Reels/Movies), Exercise(Gym/Yoga /etc), Household Chores (Tasks such as cleaning, washing to be done regularly at home), Family Time","Social Media, Sleeping, Family Time, Learning new things, Playing Outdoor games, Long Drive",1,3,3,3,1,4,5,,4,3,4,4,,4,4,3,4,4,4,3,Yes,Newly learning from environment
26,Female,Single,Nuclear,4,"Professional course (Diploma, ITI, etc.)",Private Sector,9-12 lakh,3,Friends,"Refresh Mood, Reduce Anxiety, Quality Time (for some enjoyment), Privacy (just your alone time), Moral Support (encouragement that you give to somebody who is nervous or worried)",1,9,3,0.5,0.5,1,1,6.5,0.5,1,"Use Mobile, Travel, Watching (T.V. /Reels/Movies), Exercise(Gym/Yoga /etc), Job / Work, Cooking, Grocery Shopping, Personal Hygiene, Household Chores (Tasks such as cleaning, washing to be done regularly at home), Power Nap","Sleeping, Online Streaming (Movies, TV shows, YouTube videos and livestreamed content), Just Relaxing (Resting), Chatting, Music",3,3,3,3,2,3,4,,4,3,4,4,,2,2,4,4,3,3,3,No,It's already good enough 
45,Female,Married,Nuclear,3,"Professional course (Diploma, ITI, etc.)",Private Sector,6-9 lakh,2,Family,"Refresh Mood, Quality Time (for some enjoyment)",1,6,4,0.5,1,1.5,1,7,1,1,"Use Mobile, Reading Newspaper, Watching (T.V. /Reels/Movies), Exercise(Gym/Yoga /etc), Job / Work, Cooking, Household Chores (Tasks such as cleaning, washing to be done regularly at home), Power Nap, Family Time","Social Media, Sleeping, Family Time, Reading Books, Just Relaxing (Resting), Shopping, Go for a walk",3,3,2,2,4,4,4,,4,2,5,5,,5,5,5,5,5,3,4,Yes,To get more time for health improvement 
47,Female,Married,Nuclear,6,B.Ed,Assistant teacher,6-9 lakh,2,Family,"Refresh Mood, Quality Time (for some enjoyment), For understanding each other,sharing problems,finding solutions etc.",2,6,6,0.5,0.8,1.5,1,6,0.5,1,"Use Mobile, Travel, Reading Newspaper, Watching (T.V. /Reels/Movies), Exercise(Gym/Yoga /etc), Job / Work, Cooking, Grocery Shopping, Personal Hygiene, Household Chores (Tasks such as cleaning, washing to be done regularly at home)","Family Time, Learning new things, Hangout with friends, Music, Classical dance and singing",5,,4,4,2,4,5,,4,5,4,5,,4,5,5,5,4,4,5,Yes,"Yes.There is always chance to improve your task.for the sake of betterment ,practising everything i want to do tasks i  better way.There is no end for better.Thats why it is said better is better than best.so improve our actions ."
41,Male,Married,Joint,11,Post Graduate,Private Sector,3-6 lakh,3,Alone,Reduce Anxiety,2,10,0,0,0,1,0,5,1,1,"Use Mobile, Watching (T.V. /Reels/Movies), Job / Work","Learning new things, Just Relaxing (Resting), Music",4,4,4,4,3,4,2,,4,2,2,4,,3,4,2,2,2,4,4,Yes,"Yes, want to improve my daily routine for future point of view it's realy needed "
22,Male,Single,Nuclear,4,Post Graduate,Student,0-3 lakh,1,Alone,Privacy (just your alone time),5,4,1,1,1,2,1,5,1,1,"Use Mobile, Travel, Reading Newspaper, Watching (T.V. /Reels/Movies), Exercise(Gym/Yoga /etc), Spiritual Activity, Idle Time, Creative Activities (Writing, Crafting, Photography, etc), Gardening","Social Media, Sleeping, Learning new things, Hangout with friends, Music",5,5,5,5,5,5,5,,5,5,5,5,,5,5,5,5,5,5,5,Yes,I  want to be more humble and trying to keep calm towards negative things and i would love to get enough sleep due to hectic schedule i couldn't complete my sleep and i would want to spend quality time with my family amd loved ones
32,Male,Single,Joint,5,Graduate,Self-Employed,6-9 lakh,2,Friends,"Refresh Mood, Quality Time (for some enjoyment)",4,6,1,2,1,1,1,8,1,1,"Use Mobile, Travel, Exercise(Gym/Yoga /etc), Animal Care, Going for Walk (Friends, Family, etc), Family Time","Social Media, Family Time, Games (Mobile or Computer games), Pet Grooming",2,2,1,3,3,2,1,,5,2,2,2,,2,2,2,2,2,2,2,No,I am satisfied
47,Female,Married,Nuclear,3,Graduate,Private Sector,0-3 lakh,2,Family,Refresh Mood,4,8,4,1,0,3,2,6,0,0,"Use Mobile, Watching (T.V. /Reels/Movies), Job / Work, Cooking, Grocery Shopping, Personal Hygiene, Household Chores (Tasks such as cleaning, washing to be done regularly at home), Power Nap, Family Time, Technolgy (Gadgets, Programming, etc)","Social Media, Sleeping, Family Time, Learning new things",3,3,4,3,2,3,3,,3,3,4,3,,2,3,2,3,3,3,2,Yes,I want to improve my daily routine by giving myself more time. By doing things that i like in my free time. I'll try to develop a new hobby. 
21,Male,Single,Nuclear,4,Post Graduate,Student,3-6 lakh,1,Alone,Privacy (just your alone time),3,7,2,0,0,1,1,7,2,1,"Use Mobile, Travel, Watching (T.V. /Reels/Movies), Studying, Job / Work, Personal Hygiene, Idle Time, Household Chores (Tasks such as cleaning, washing to be done regularly at home)","Social Media, Games (Mobile or Computer games), Online Streaming (Movies, TV shows, YouTube videos and livestreamed content), Music",2,2,1,1,3,4,3,,4,1,1,2,,1,5,1,5,3,5,1,Yes,Having very busy schedule and have to travel a lot. Not doing excercise and not maintaining the proper healthy lifestyle. So to improve  my health I want to improve my daily routine.
22,Male,Single,Joint,4,Graduate,Student,0-3 lakh,3,Alone,"Refresh Mood, Self motivation",1,5,2,1,0.3,1,3,6,2,2,"Use Mobile, Watching (T.V. /Reels/Movies), Exercise(Gym/Yoga /etc), Spiritual Activity, Studying, Reading Books, Job / Work, Power Nap, Going for Walk (Friends, Family, etc), Family Time","Social Media, Sleeping, Family Time, Learning new things, Hangout with friends, Reading Books, Playing Outdoor games, Writing, Go for a walk",4,4,3,5,4,5,4,,4,3,3,3,,4,5,3,2,4,5,4,Yes,"Improving Daily routing brings quality Habits, its make life easy"
22,Female,Single,Joint,8,Post Graduate,Student,3-6 lakh,2,Alone,Privacy (just your alone time),2,8,2,1,0,2,3,6,0,0,"Use Mobile, Travel, Watching (T.V. /Reels/Movies), Job / Work, Personal Hygiene, Household Chores (Tasks such as cleaning, washing to be done regularly at home), Creative Activities (Writing, Crafting, Photography, etc), Family Time, Gardening","Learning new things, Reading Books, Creative Work (Crafting, Photography, etc), Long Drive, Shopping, Go for a walk",3,3,3,3,2,3,3,,3,3,3,4,,2,3,3,3,3,3,3,Yes,To utilize time properly
50,Male,Married,Nuclear,3,Graduate,Public Sector(Government sector),12-15 lakh,2,Friends,Quality Time (for some enjoyment),1,10,4,2,1,1.5,3,7,4,2,"Travel, Watching (T.V. /Reels/Movies), Reading Books, Cooking, Animal Care, Creative Activities (Writing, Crafting, Photography, etc)","Sleeping, Reading Books, Long Drive, Music",4,4,3,3,3,2,4,,4,4,4,3,,4,4,3,4,3,5,4,No,much satisfied with current lifestyle I am lazy and quite comfortable with my daily routine.
22,Female,Single,Nuclear,4,Post Graduate,Private Sector,9-12 lakh,2,Friends,"Refresh Mood, Quality Time (for some enjoyment), Moral Support (encouragement that you give to somebody who is nervous or worried)",4,4,4,1,0.5,2,0.5,6,0,0,"Use Mobile, Travel, Watching (T.V. /Reels/Movies), Studying, Job / Work, Cooking, Personal Hygiene, Household Chores (Tasks such as cleaning, washing to be done regularly at home), Family Time","Sleeping, Family Time, Learning new things, Online Streaming (Movies, TV shows, YouTube videos and livestreamed content), Long Drive, Just Relaxing (Resting)",4,4,4,4,3,3,4,,4,3,4,4,,3,4,4,4,4,4,4,Yes,"I would like to incorporate a little more physical exercise to my routine, some meditation and mindful diet."
24,Male,Single,Nuclear,3,Graduate,Student,9-12 lakh,2,Friends,"Refresh Mood, Quality Time (for some enjoyment), Self motivation",0.5,12,1,1,0.5,1,1,6,0.5,0.5,"Use Mobile, Travel, Watching (T.V. /Reels/Movies), Exercise(Gym/Yoga /etc), Studying, Job / Work, Personal Hygiene, Household Chores (Tasks such as cleaning, washing to be done regularly at home), Family Time, Networking (Attending Social or Professional Events)","Social Media, Sleeping, Family Time, Learning new things, Hangout with friends, Playing Outdoor games, Online Streaming (Movies, TV shows, YouTube videos and livestreamed content), Personality Development, Long Drive, Just Relaxing (Resting)",4,4,3,5,2,3,4,,4,4,4,4,,4,3,3,4,4,4,4,Yes,"YES, I want to improve my daily routine by learning to manage time efficiently."
25,Male,Single,Nuclear,3,Graduate,Private Sector,3-6 lakh,2,Friends,"Refresh Mood, Reduce Anxiety, Quality Time (for some enjoyment), Moral Support (encouragement that you give to somebody who is nervous or worried), Self motivation",2,9,3,1,0,1,1,5,1,1,"Use Mobile, Travel, Watching (T.V. /Reels/Movies), Job / Work, Grocery Shopping, Personal Hygiene, Idle Time, Household Chores (Tasks such as cleaning, washing to be done regularly at home), Review Goals, Shopping (Clothes, Electronics, etc), Going for Walk (Friends, Family, etc), Volunteer Work or Community Involvement, Creative Activities (Writing, Crafting, Photography, etc), Networking (Attending Social or Professional Events), Technolgy (Gadgets, Programming, etc)","Social Media, Sleeping, Learning new things, Hangout with friends, Games (Mobile or Computer games), Playing Outdoor games, Online Streaming (Movies, TV shows, YouTube videos and livestreamed content), Personality Development, Creative Work (Crafting, Photography, etc), Long Drive, Just Relaxing (Resting), Shopping, Social Activities, Chatting, Writing, Go for a walk, Volunteering",4,4,4,4,4,3,4,,3,3,3,5,,3,5,3,3,2,5,5,Yes,"To get a better grasp on daily tasks, try to procrastinate less and utilize every minute to its best"
22,Female,Single,Nuclear,4,Graduate,Student,6-9 lakh,2,Friends,"Quality Time (for some enjoyment), Moral Support (encouragement that you give to somebody who is nervous or worried), Self motivation",3,2,2,1,0,2,3,8,1,1,"Use Mobile, Travel, Watching (T.V. /Reels/Movies), Spiritual Activity, Studying, Reading Books, Job / Work, Cooking, Personal Hygiene, Idle Time, Household Chores (Tasks such as cleaning, washing to be done regularly at home), Power Nap, Going for Walk (Friends, Family, etc), Family Time","Social Media, Sleeping, Family Time, Learning new things, Hangout with friends, Reading Books, Games (Mobile or Computer games), Personality Development, Long Drive, Just Relaxing (Resting), Go for a walk",4,3,3,5,1,3,4,,3,4,4,5,,2,2,4,4,4,5,5,Yes,"I want to learn to be consistent and prioritize my tasks and work towards it without delays, Focus on physical and mental health."
30,Male,Married,Nuclear,2,Post Graduate,Business,above 15 lakh,2,Partner,"Quality Time (for some enjoyment), Moral Support (encouragement that you give to somebody who is nervous or worried)",0.5,8,1,1,1,1,0.5,8,1,1,"Travel, Reading Newspaper, Watching (T.V. /Reels/Movies), Exercise(Gym/Yoga /etc), Spiritual Activity, Reading Books, Job / Work, Cooking, Grocery Shopping, Personal Hygiene, Household Chores (Tasks such as cleaning, washing to be done regularly at home), Review Goals, Shopping (Clothes, Electronics, etc), Going for Walk (Friends, Family, etc), Creative Activities (Writing, Crafting, Photography, etc), Family Time","Hangout with friends, Reading Books, Playing Outdoor games, Online Streaming (Movies, TV shows, YouTube videos and livestreamed content), Social Activities, Part time work, Music, Writing, Swimming",4,4,4,4,2,4,4,,2,2,5,5,,5,5,5,5,5,5,5,No,I don’t think i want to imporve my daily routine
22,Male,Single,Nuclear,3,Post Graduate,Student,above 15 lakh,3,Friends,"Refresh Mood, Quality Time (for some enjoyment), Moral Support (encouragement that you give to somebody who is nervous or worried)",3,4,1,0.3,0.3,1,1,8,2,2,"Use Mobile, Exercise(Gym/Yoga /etc), Studying, Reading Books, Job / Work, Cooking, Grocery Shopping, Personal Hygiene, Household Chores (Tasks such as cleaning, washing to be done regularly at home), Review Goals, Going for Walk (Friends, Family, etc)","Family Time, Learning new things, Hangout with friends, Reading Books, Playing Outdoor games, Personality Development, Just Relaxing (Resting), Social Activities, Music, Writing, Go for a walk, Swimming",3,3,3,5,1,4,4,,3,3,4,4,,3,4,3,4,4,5,5,Yes,There is always a space for improvement and I feel that improving/ updating our daily routines will add fun and we will experience a lot of new things. 
30,Female,Married,Joint,5,Post Graduate,Private Sector,12-15 lakh,2,Partner,"Refresh Mood, Quality Time (for some enjoyment), Privacy (just your alone time)",2,9,2,1,1,1,1,7,0,0,"Use Mobile, Travel, Watching (T.V. /Reels/Movies), Exercise(Gym/Yoga /etc), Job / Work, Cooking, Personal Hygiene, Household Chores (Tasks such as cleaning, washing to be done regularly at home), Family Time, Networking (Attending Social or Professional Events)","Sleeping, Family Time, Hangout with friends, Playing Outdoor games, Online Streaming (Movies, TV shows, YouTube videos and livestreamed content), Music",5,4,2,3,3,4,4,,3,3,3,3,,4,3,3,4,5,5,5,Yes,For better time management and to be more organised 
43,Male,Married,Joint,6,Graduate,Self-Employed,6-9 lakh,2,Family,"Refresh Mood, Reduce Anxiety, Quality Time (for some enjoyment), Moral Support (encouragement that you give to somebody who is nervous or worried), Self motivation",3,6,1,1,1,1,2,8,1,1,"Use Mobile, Travel, Reading Newspaper, Watching (T.V. /Reels/Movies), Exercise(Gym/Yoga /etc), Job / Work, Personal Hygiene, Review Goals, Family Time, Gardening","Social Media, Family Time, Games (Mobile or Computer games), Personality Development, Just Relaxing (Resting)",5,4,4,3,3,3,5,,4,2,4,4,,1,2,3,4,4,4,4,Yes,Improvement is a part of life
42,Male,Married,Nuclear,5,Post Graduate,Private Sector,above 15 lakh,2,Family,"Refresh Mood, Quality Time (for some enjoyment)",2,7,1,0.5,1,1,0.5,8,1,1,"Use Mobile, Travel, Reading Newspaper, Exercise(Gym/Yoga /etc), Reading Books, Job / Work, Personal Hygiene, Going for Walk (Friends, Family, etc), Family Time","Sleeping, Family Time, Learning new things, Hangout with friends, Reading Books, Music, Go for a walk",4,4,4,4,4,4,4,,4,4,3,4,,2,3,4,4,4,4,4,No,I am lazy and quite comfortable with my daily routine.
19,Male,Single,Nuclear,4,HSC,Student,above 15 lakh,1,Family,"Refresh Mood, Quality Time (for some enjoyment)",3,3,2,1,2,1,1,7,1,2,"Travel, Watching (T.V. /Reels/Movies), Exercise(Gym/Yoga /etc), Spiritual Activity, Studying, Personal Hygiene, Going for Walk (Friends, Family, etc)","Social Media, Hangout with friends, Playing Outdoor games, Personality Development, Music, Go for a walk, Swimming",4,5,4,4,3,5,3,,4,3,4,4,,3,3,2,3,3,5,4,Yes,Yes because to get a better growings and developments in future to achieve the targets n goals
26,Male,Single,Nuclear,2,Graduate,Private Sector,3-6 lakh,1,Family,"Refresh Mood, Reduce Anxiety, Quality Time (for some enjoyment), Privacy (just your alone time), Moral Support (encouragement that you give to somebody who is nervous or worried), Self motivation",5,2,1,1,1,3,1,8,1,2,"Use Mobile, Travel, Watching (T.V. /Reels/Movies), Exercise(Gym/Yoga /etc), Job / Work, Grocery Shopping, Idle Time, Household Chores (Tasks such as cleaning, washing to be done regularly at home), Family Time","Social Media, Sleeping, Hangout with friends, Games (Mobile or Computer games), Playing Outdoor games, Online Streaming (Movies, TV shows, YouTube videos and livestreamed content), Long Drive, Music, Swimming",3,4,3,3,5,3,3,,3,3,3,1,,2,4,3,3,3,4,3,No,I am lazy and quite comfortable with my daily routine.
23,Female,Single,Nuclear,5,Graduate,Student,3-6 lakh,3,Family,"Refresh Mood, Reduce Anxiety, Quality Time (for some enjoyment), Moral Support (encouragement that you give to somebody who is nervous or worried)",2,7,1,1,2,2,1,8,1,1,"Use Mobile, Travel, Reading Newspaper, Watching (T.V. /Reels/Movies), Exercise(Gym/Yoga /etc), Studying, Cooking, Personal Hygiene, Household Chores (Tasks such as cleaning, washing to be done regularly at home), Going for Walk (Friends, Family, etc), Family Time","Family Time, Learning new things, Hangout with friends, Online Streaming (Movies, TV shows, YouTube videos and livestreamed content), Just Relaxing (Resting), Music",4,4,5,4,3,5,5,,3,3,4,5,,4,3,4,4,4,3,4,No,It's already good enough
41,Female,Married,Joint,6,Post Graduate,Private Sector,above 15 lakh,1,Family,Quality Time (for some enjoyment),1,9,21,1,2,1,1,7,0,0,"Use Mobile, Reading Newspaper, Exercise(Gym/Yoga /etc), Spiritual Activity, Job / Work, Cooking, Personal Hygiene, Household Chores (Tasks such as cleaning, washing to be done regularly at home), Review Goals, Gardening, Networking (Attending Social or Professional Events)","Sleeping, Family Time, Learning new things, Hangout with friends, Playing Outdoor games, Long Drive, Music, Go for a walk",5,4,5,5,1,5,4,,1,3,5,5,,1,4,2,5,5,5,3,Yes,"Yes, we must improve"
22,Male,Single,Joint,12,Post Graduate,Student,0-3 lakh,4,Friends,"Refresh Mood, Quality Time (for some enjoyment)",2.5,12,0,0.5,0,1,1,7,1,1,"Use Mobile, Studying, Job / Work, Technolgy (Gadgets, Programming, etc)","Social Media, Sleeping, Games (Mobile or Computer games), Music",4,4,4,4,2,4,4,,4,3,3,4,,3,3,1,3,3,3,3,Yes,Yes because to get a better growings and developments in future to achieve the targets n goals
22,Female,Single,Nuclear,2,Graduate,Student,6-9 lakh,1,Family,Quality Time (for some enjoyment),0.3,4,2,2,1,2,1,8,1,1,"Use Mobile, Watching (T.V. /Reels/Movies), Exercise(Gym/Yoga /etc), Studying, Job / Work, Idle Time, Going for Walk (Friends, Family, etc), Creative Activities (Writing, Crafting, Photography, etc), Family Time","Social Media, Sleeping, Learning new things, Hangout with friends, Online Streaming (Movies, TV shows, YouTube videos and livestreamed content), Creative Work (Crafting, Photography, etc), Music, Go for a walk",3,3,4,3,2,2,4,,3,4,3,4,,3,4,5,5,4,3,4,No,I’m lazy and quite comfortable with my daily routine.
22,Male,Single,Nuclear,4,Post Graduate,Student,0-3 lakh,2,Family,"Refresh Mood, Quality Time (for some enjoyment), Moral Support (encouragement that you give to somebody who is nervous or worried)",0,0,1,0.5,1,0.5,3,7,4,2,"Use Mobile, Household Chores (Tasks such as cleaning, washing to be done regularly at home), Going for Walk (Friends, Family, etc), Creative Activities (Writing, Crafting, Photography, etc), Family Time, Technolgy (Gadgets, Programming, etc)","Learning new things, Go for a walk",3,3,3,4,3,4,4,,3,3,3,3,,3,3,3,3,3,3,3,Yes,Yes i would definitely like to change some things in my life for my improvement
42,Female,Married,Nuclear,3,Graduate,Private Sector,6-9 lakh,2,Family,"Refresh Mood, Quality Time (for some enjoyment)",3,8,2,0,0,1,1,6,2,2,"Use Mobile, Travel, Watching (T.V. /Reels/Movies), Reading Books, Cooking, Grocery Shopping, Household Chores (Tasks such as cleaning, washing to be done regularly at home), Power Nap, Shopping (Clothes, Electronics, etc), Volunteer Work or Community Involvement, Family Time","Sleeping, Family Time, Learning new things, Reading Books, Games (Mobile or Computer games), Online Streaming (Movies, TV shows, YouTube videos and livestreamed content), Long Drive",3,3,4,3,2,3,2,,4,3,2,4,,4,4,2,3,3,4,4,No,"Imrovement in daily routine will lead to satisfication in my life , happieness in my family and others as well"
22,Male,Single,Joint,13,Post Graduate,Student,6-9 lakh,7,Friends,Refresh Mood,2,4,1,0.5,1,1,1,6,2,2,"Use Mobile, Travel, Reading Newspaper, Watching (T.V. /Reels/Movies), Exercise(Gym/Yoga /etc), Studying, Personal Hygiene","Social Media, Sleeping, Hangout with friends, Games (Mobile or Computer games), Online Streaming (Movies, TV shows, YouTube videos and livestreamed content), Long Drive, Music, Swimming",3,4,2,4,1,3,4,,3,3,5,4,,4,4,3,3,4,4,4,No,I am lazy and quite comfortable with my daily routine.
